Customers,,
Customer_ID,First_Name,Last_Name
1,Tom,Cruise
2,Cole,John
3,Alice,Jones
4,Will,Smith
5,Debra,Oseman
6,Donna,Noble
7,Rose,Tyler
8,David,Tennant
9,John,Barrowman
10,Christopher,Eccelston
11,Matt,Smith
12,Johnny,Lee
13,Kim,Taehyung
14,Vin,Diesel
15,Paul,Newman
16,Kate,Winslet
17,Natalie,Portman
18,Angelina,Jolie
19,Betty,Wilson
20,Jo,Riley
21,Edna,Rosier
22,Roger,Crain
23,Violet,Pope
24,Lashanda,Orozco
25,Gary,Box
26,Sofia,Kyung
27,Teressa,Simms
28,Martha,Hatton
29,Craig,Zajc
30,Judith,Hargrove
31,Katy,Williams
32,Bertha,Visvardis
33,Marjorie,Brand
34,Cindy,Cote
35,Joan,Jefferson
36,Dorene,Smith
37,Cynthia,Walker
38,June,Lester
39,Henry,Bennett
40,Thomas,Rau
41,Thomas,Smith
42,John,Gage
43,Joyce,Tremblay
44,Roberta,Hubbard
45,Julie,King
46,Kenneth,Barber
47,Peter,Roth
48,Carol,Wharton
49,Rosie,Leskovec
50,Phillip,Johnston
51,Kendra,Yates
52,William,Mccallion
53,Bruce,Lloyd
54,Tamara,Keiser
55,Robin,Gonzalez
56,Lynn,Koonce
57,Dale,Hickey
58,James,Berlin
59,Michael,Nohel
60,Timothy,Edwards
61,Milissa,Keil
62,Brett,Shipley
63,Thomas,Johnson
64,Johnny,Miller
65,Daniel,Harrell
66,Latanya,Warner
67,Pauline,Culbert
68,Adela,Combs
69,Roger,Temple
70,Ashley,Meyer
71,Ruth,Long
72,James,Manchester
73,Terri,Gonzales
74,Alice,Natali
75,Ronald,Fischl
76,Robert,Annino
77,Steven,Ornelas
78,Edna,Harris
79,Doris,Hester
80,Shirley,Ballance
81,Julie,Zodrow
82,Velma,Boutte
83,Brandy,Hazelton
84,Sally,Olin
85,Donald,Lahti
86,Rosa,Parra
87,Ernest,Way
88,Peter,Zook
89,Gregory,Peterson
90,Gary,Zito
91,Michael,Nelson
92,James,Clifton
93,John,Pinell
94,Hugo,Bogar
95,Ronald,Seavey
96,Charlene,Griggs
97,Jean,Kahola
98,William,Heath
99,Donald,Wallace
100,Leslie,Askew
101,Vicki,Sibert
102,Edgar,Rowe
103,Sam,Rashid
104,Jason,Fitzpatrick
105,Nancy,Matthews
106,Ricky,Freeman
107,Jeremy,Bires
108,Joan,Porras
109,Carole,Cox
110,Mercedes,Robinson
111,James,Rodriguez
112,Melvin,Coffell
113,Tracey,Palmer
114,Shelby,Tvedt
115,Michael,Newby
116,Kristen,Tygart
117,Steve,Martinez
118,Herbert,Andersen
119,Sharon,Sanders
120,Tracy,Mccarter
121,Molly,Carnicelli
122,William,Walker
123,Antonio,Goodman
124,Dorothy,Groff
125,Lisa,Littles
126,Rosetta,Perry
127,Don,Hammond
128,Francisco,Carey
129,Wayne,Franks
130,Ruth,Barney
131,Patricia,Kail
132,Wayne,Martinez
133,William,Sanders
134,Shawn,Fackler
135,William,Foglesong
136,Calvin,Reynolds
137,Lawrence,Rojas
138,Esther,Swindell
139,Mary,Washington
140,Brenda,Lewis
141,Brent,Robinson
142,Kathleen,Augustine
143,Paul,Mattice
144,Ashley,Grisham
145,Johnny,Hazelip
146,Loren,Severn
147,Michael,Thatcher
148,Howard,Taylor
149,Jason,Johnson
150,Jimmy,Mirando
151,Gloria,Pierce
152,Luis,Tennant
153,Melinda,Mosher
154,Gladys,Segraves
155,Monica,Rivera
156,Ann,Delaurentis
157,Carrie,Frosch
158,Daniel,Waibel
159,Sarah,Dunlop
160,Scott,Sims
161,Damion,Mitchell
162,Cheryl,Swindell
163,Evelyn,Radsky
164,Leroy,Carriger
165,Elizabeth,Schumacher
166,Patricia,Wiseman
167,Donald,Harris
168,Frances,Miranda
169,Miguel,Barnes
170,Tammy,Dalton
171,Edward,Groves
172,Kimberly,Timmons
173,Austin,Willis
174,Dale,Moore
175,Bonnie,Vida
176,Karen,Pendry
177,Sebastian,Krawczyk
178,Eddie,Bryant
179,Martin,Hancock
180,Ruth,Wells
181,Sandy,Flanders
182,Fernando,Elliot
183,Jana,Harmon
184,Emilio,Wood
185,Bianca,Crouch
186,Karen,Bryant
187,Timothy,Westphalen
188,Chris,Carpenter
189,Van,Kroner
190,Doris,Graeser
191,William,Walck
192,Freeman,Oestreich
193,Raul,Miller
194,Sara,Morrow
195,Caryn,Sadler
196,Ruth,Davis
197,Christian,Lawrence
198,Kristine,Sanzotta
199,Miguel,Anderson
200,Betty,Haynes
201,James,Koualeski
202,David,Johnson
203,Debra,Rivera
204,Kyle,Deluca
205,Melissa,Pena
206,Celia,Jenkins
207,Rose,Murray
208,Lynsey,Abernathy
209,Dorothy,Michelotti
210,Darrell,Russell
211,Johnny,Barrett
212,Merle,Miller
213,Dolores,Dampier
214,Zack,Stewart
215,Iris,White
216,William,Wichmann
217,Cathy,Roiger
218,Maurice,Francis
219,Luella,Croyle
220,Zachary,Carleton
221,Markus,Griffin
222,Julie,Foster
223,Jose,Schlueter
224,Rosie,Romero
225,Charles,Davidson
226,Patrick,Granillo
227,Amy,Willingham
228,Carrie,Stanley
229,Chad,Haynes
230,Eric,Ramires
231,Erik,Migl
232,William,Caicedo
233,John,Martino
234,John,Caravella
235,Elizabeth,Jones
236,Sean,Mcginnis
237,Lewis,Roberts
238,Barry,Nolden
239,Jillian,Exum
240,Cheryl,Opunui
241,Patricia,Brosius
242,Bruce,Rutledge
243,Lois,Williams
244,John,Commings
245,Marion,Harms
246,Craig,Jackson
247,Wanda,Mata
248,Martin,Mcnabb
249,Jennifer,Johnson
250,Andrea,Wall
251,Daniel,Price
252,Mary,Boardman
253,Margaret,Rena
254,Walter,Carsey
255,Sherry,Gelabert
256,Thomas,White
257,Adam,Graham
258,Joseph,Jeffcoat
259,Karen,Williams
260,Leslie,Williamson
261,Deanna,Payne
262,Leon,Bondy
263,Richard,Guzman
264,Kathleen,Gegenheimer
265,Edward,Rish
266,Pamela,Brennan
267,Donna,Summers
268,Benjamin,Cook
269,Meredith,Johnson
270,Erik,Wright
271,Edward,Clark
272,Robert,Clark
273,Teresa,Dixon
274,Jon,Sharp
275,Michelle,Weatherly
276,Sherry,Scott
277,Lynn,Grant
278,Araceli,Kahl
279,Roger,Redmond
280,Doris,Mcdonald
281,Anne,Mcgrew
282,Rachel,Baker
283,Lavinia,Keith
284,Susan,Drutman
285,Mary,Contreras
286,Fernando,Brown
287,Donald,Harrison
288,Jeremy,Donovan
289,Katie,Sells
290,Rodney,Duncan
291,Barbara,Jacobs
292,Jasmine,Bell
293,Marilyn,Picard
294,Amanda,Maynard
295,Sharon,Gallon
296,Warren,King
297,Daniel,Osmer
298,Isaac,Cottingham
299,Mamie,Orr
300,Mary,Shanberg
301,Bryce,Fulbright
302,Charlie,Skinner
303,Cassidy,Cleek
304,Crystal,Rieves
305,George,Shen
306,Donna,Fyffe
307,John,Fournier
308,Cynthia,Laxton
309,John,Key
310,Timothy,Cashen
311,Alberta,Oneal
312,James,Williams
313,Diane,Lopez
314,Merrie,Riso
315,Patsy,Valverde
316,Carlos,Rohn
317,John,Busk
318,Keith,Gore
319,Elizabeth,Medina
320,William,Simms
321,Carolyn,Cole
322,Daniel,Harris
323,Jerry,Scott
324,Dana,Rose
325,Kara,Fraughton
326,Leslie,Eastland
327,Kenneth,Huh
328,Ramiro,Flores
329,Brent,Holly
330,Kristina,Young
331,Christopher,Lorenz
332,Bernice,Defranco
333,Roberta,Zook
334,David,Gillis
335,Raul,Chism
336,Gussie,Blair
337,Patricia,Hughes
338,Donna,Varney
339,Gabriel,Inciong
340,Patricia,Bergeron
341,Amy,Singletary
342,Dena,Crosley
343,Renee,Dorsey
344,Georgina,Walsh
345,Guillermo,James
346,Alexander,Knutson
347,Jennifer,Collins
348,Victoria,Rhea
349,Dennis,Ball
350,Charles,Wright
351,Bob,Loper
352,Mark,Stroupe
353,Carl,Mercer
354,Dorothy,Kalish
355,Casey,Colflesh
356,Esther,Gunderson
357,Beatrice,Lelacheur
358,Kelly,Jones
359,Paula,Herrera
360,Irvin,Allen
361,Michael,Kopp
362,William,Miller
363,Robert,Dawson
364,Thomas,Ward
365,Leslie,Presley
366,Louella,Muller
367,William,Mendez
368,Maria,Engstrom
369,Carlos,Cedillo
370,William,Eaton
371,Mildred,Resto
372,Amelia,Fleischmann
373,Ronald,Sullivan
374,Keith,Holloway
375,Mildred,Hayes
376,Anthony,Ballard
377,Darrell,Price
378,Susan,Stutzman
379,Eric,Wright
380,Earl,Gross
381,Jonathan,Rodman
382,David,Williams
383,Virginia,Murray
384,James,Harper
385,Debra,Fuentes
386,Teresa,Huff
387,Dorothea,Perez
388,Frances,Ard
389,Michael,Williams
390,Kristen,Holman
391,Josie,Trell
392,Calvin,Kuhn
393,Keith,Kimball
394,Eva,Bell
395,Albert,Mueller
396,Carl,Richardson
397,Heather,Freeman
398,Abel,Benson
399,Dolores,Marschke
400,Joyce,Douglass
401,Linda,Jones
402,Francisco,Jordan
403,David,Camara
404,David,Correa
405,Elsie,Mcvay
406,Victor,Sharpe
407,Monique,Robbins
408,David,Muscara
409,Pamella,Jimenez
410,Angela,Seay
411,Scott,Duke
412,Ana,Davis
413,David,Stickel
414,Shirley,Drew
415,Sandra,Mccrory
416,Timothy,Reed
417,Matthew,Cantu
418,Sandra,Bell
419,Mario,Rice
420,Helen,Hendrix
421,Deborah,Sandifer
422,Samuel,Heath
423,Joseph,Delgado
424,Rosa,Sayers
425,Mary,Lechleidner
426,Eunice,Wallace
427,Michelle,Benson
428,Helen,Gipson
429,Theresa,Jackson
430,Kimberly,Mcglynn
431,Roy,Seal
432,Margaret,Travis
433,Larry,Neal
434,Barb,Parker
435,Ronald,Hawks
436,John,Rodrigues
437,Molly,Garcia
438,John,Street
439,Robert,Hodges
440,Inez,Delgado
441,Ian,Phagan
442,Joyce,Walston
443,Marion,Mulch
444,Lenore,Wineland
445,Debbie,Karathanasis
446,Ryan,Edwards
447,Irene,Mills
448,Buford,Ramirez
449,Sharon,Ortiz
450,Mary,Davis
451,Rodrick,Carroll
452,Andrea,Lopes
453,Richard,Watson
454,George,Fay
455,Jason,Curry
456,Gene,Clark
457,Angela,Ringwood
458,Vernon,Martin
459,Catherine,Melcher
460,Sonja,Sacks
461,Nelson,Wagner
462,Olivia,Creighton
463,Julie,Lee
464,Tracy,Littlejohn
465,Robert,Diego
466,Charles,Giacomini
467,Nancy,Carpenter
468,Bruce,Crockette
469,Herbert,Liu
470,Rose,Lankford
471,Kim,Cox
472,Jose,Lebrecque
473,Winifred,Prentice
474,Vickie,Hunter
475,Becky,Finigan
476,Delores,Traverso
477,Barbara,Rataj
478,Rochelle,Miller
479,Helen,Robinson
480,Lisa,Beckner
481,Norman,Oneil
482,Amber,Doughty
483,Peggy,Na
484,Louie,Richardson
485,Nadine,Ward
486,John,Gregory
487,Frances,Craft
488,Richard,Long
489,Cedric,Rhoden
490,Thomas,Foulger
491,William,Fine
492,Marie,Torres
493,Tracey,Grubbs
494,Derek,Watson
495,Elizabeth,Ballance
496,Mickey,Adank
497,Fred,Morrison
498,Maryellen,Holman
499,Janice,Fuller
500,Keiko,Angeles
501,Vera,Johnson
502,Dora,Howell
503,Barbara,Braxton
504,Allen,Rathburn
505,Jim,Devlin
506,George,Nealy
507,Christina,Austin
508,Susan,Lewis
509,Charles,Pritts
510,Michelle,Deleon
511,Evelyn,Dilbeck
512,Connie,Mann
513,Donna,Mcginn
514,Burt,Mott
515,Warren,Garner
516,Damien,Black
517,Christine,Howell
518,Kenneth,Shepard
519,Gladys,Berens
520,Belle,Seley
521,Juan,Vargas
522,William,Lachance
523,Alexandra,Logan
524,Daryl,Chambers
525,Bill,Caston
526,Marion,Bridges
527,Alberto,Largent
528,Harry,Jackson
529,Antonio,Powell
530,Margaret,Meador
531,Doris,Williams
532,Steven,Braxton
533,Lauren,Garland
534,Brian,Rice
535,Elizabeth,Nunez
536,Anne,Dillon
537,Renea,Steere
538,Cheryl,Traylor
539,Jason,Senteno
540,Deborah,Dangelo
541,Audrey,Walker
542,Judith,Miller
543,Valencia,Daniels
544,James,Mclellan
545,Julie,Shields
546,Rochelle,Otten
547,Joshua,Edwards
548,Dana,Culp
549,Rebecca,Holmes
550,John,Stepp
551,John,Orahood
552,Ora,Young
553,Jesus,Carr
554,Carlos,Puentes
555,Stephen,Younger
556,Dave,Montgomery
557,Matthew,Mills
558,Charles,Kittell
559,Marsha,Lecompte
560,Sherry,Troxel
561,Melvin,Ellerbe
562,Gregory,Tompkins
563,Julia,Brown
564,Helen,Walsh
565,Ingrid,Dillon
566,Matthew,Verduzco
567,Jimmy,Vatter
568,Clinton,Ziech
569,Luz,Fico
570,Glenn,Books
571,Glen,Bennett
572,Eddie,Mccrary
573,Charmaine,Montgomery
574,Sharon,Miller
575,Patricia,King
576,Thomas,Zampieri
577,Rosemary,Schultz
578,Deborah,Perez
579,Christopher,Hansel
580,William,Lloyd
581,Rosalinda,Durham
582,Dallas,Yochum
583,Donna,Yang
584,James,Wise
585,Raymond,Willey
586,William,Long
587,Jackie,Thompson
588,Michelle,Wallis
589,Thomas,Chan
590,Evan,Montgomery
591,Joan,Johnson
592,John,Harrell
593,Anna,Osborne
594,Daisy,Angle
595,Elisa,Jeffcoat
596,Barry,Lynch
597,Colin,Ayers
598,Eddie,Brown
599,Danny,Rees
600,Kenneth,Kilgore
601,Kathryn,Hayes
602,Nicholas,Threadgill
603,Angela,Chausse
604,Barbara,Laude
605,Bruce,Maditz
606,Debra,Shufelt
607,Maria,Hodnett
608,Sylvia,Morrison
609,Lucille,Ortiz
610,Jeffrey,Kehoe
611,Eugenia,Morton
612,Connie,Schuetze
613,Fred,Mcrary
614,Robert,Spear
615,Eric,Brown
616,Janet,Potts
617,Ethel,Johnson
618,Tina,Dawson
619,Albert,Weintraub
620,Deborah,Sotto
621,Maricela,Conyers
622,Jeffrey,Helmy
623,Bessie,Pettit
624,Lorrie,Biddix
625,Paul,Intrieri
626,Steven,Suber
627,Jeremy,Hudgins
628,David,Dotson
629,Margarita,Martin
630,John,Fritz
631,Lois,Dickens
632,Charlotte,Hicks
633,Mark,Burrell
634,Tory,Hatcher
635,Raymond,Graves
636,Tammy,Doyle
637,Lisa,Johnson
638,Viola,Hill
639,Leslie,Briggs
640,Gregory,Moore
641,Charles,Welk
642,Sally,Allen
643,Nicki,Henderson
644,Marian,Tillman
645,Jonathan,Vizcarrondo
646,Solomon,Huggins
647,Josefina,Stokes
648,Gloria,Scott
649,Julio,Mems
650,Earl,Carlile
651,Ashley,Mcadory
652,Ruby,Gott
653,Jeffrey,Koehler
654,Mary,Lee
655,Linda,Wright
656,Nancy,Tedford
657,Jim,Friend
658,Nancy,Martinez
659,Nathan,Strother
660,Beatrice,Harris
661,Jason,Keefer
662,Lorrie,Lazarus
663,Preston,Samuel
664,Sara,Mirr
665,James,Kelley
666,Leah,Fillingham
667,Mandi,Clester
668,Tami,Murrietta
669,Patricia,Franks
670,Peter,Sowder
671,Patricia,Minter
672,Mary,Slenker
673,Brian,Mines
674,Kristy,Valdez
675,Catherine,Fletcher
676,Diane,Yaney
677,Tarra,Zimmerman
678,William,Runyan
679,Robert,Kadi
680,Marcelino,Ibarra
681,Dan,Darwin
682,Gerald,Little
683,Elva,Garnes
684,Jose,Goldson
685,Sharell,Levine
686,Daniel,Brown
687,Jeffery,Wakefield
688,Jesse,Guerrero
689,Wilma,Chung
690,Gail,Voelkel
691,Robert,Kaplan
692,Mary,Campos
693,Yvette,Patton
694,Karina,Judd
695,Hester,Menard
696,Tamika,Jones
697,Lois,Maxwell
698,Jesus,Mcmullan
699,Sherrie,Head
700,Amber,Smart
701,Silas,Hollingsworth
702,Maria,Laforce
703,Cynthia,Goudeau
704,William,Winkfield
705,Julius,Masseria
706,Leo,Simmons
707,Wayne,Pinkert
708,David,Little
709,Grover,Cooley
710,Colette,Laub
711,Hester,Noe
712,Lillian,Stinser
713,Linda,Aguilera
714,Opal,Montano
715,Gloria,Varner
716,Eric,Johnson
717,Allie,Hauser
718,Walter,Bunker
719,Laverne,Bernardino
720,Trudi,Flinn
721,Randall,Whitehead
722,Jessica,Florian
723,Bill,Casey
724,Bruce,Walker
725,Anne,Walker
726,Carlos,Sajovic
727,Chris,Hager
728,Sonia,Ziad
729,Joyce,Campos
730,Vicky,Silva
731,Chester,Johnson
732,Rebecca,Stillwell
733,Ping,Khachatoorian
734,Thomas,Avila
735,Richard,Howarter
736,Daniel,Kane
737,Terri,Kelley
738,Robert,Schulz
739,Mandy,Kuker
740,Jessica,Berryman
741,Mitchel,Benner
742,Christine,Summa
743,Brenda,Clukey
744,Tammy,Bolden
745,James,Freeman
746,Dorothy,Tolle
747,Joseph,Matthews
748,Kelly,King
749,Donna,Rodriguez
750,Marian,Surface
751,Robert,Alexander
752,John,Earles
753,Catherine,Saar
754,Kyle,Alvardo
755,Dennis,Duffy
756,Gerald,Rutherford
757,Robert,Johnson
758,Jose,Mckinley
759,Gregory,Kochanski
760,Irene,Luna
761,Christine,Galbraith
762,Esther,Probst
763,Steve,Fleming
764,Glen,Joy
765,Tammy,Lowe
766,Pamela,Flynt
767,Bernice,Gary
768,Alecia,Prada
769,Amanda,Cannon
770,Jeffrey,Warbritton
771,Cecil,Briggs
772,Allen,Robinson
773,Frank,Kmiecik
774,Paul,Munoz
775,David,Massenburg
776,Reyes,Geisler
777,Justin,Martinez
778,Brandon,Dolan
779,Stasia,Lehnertz
780,Veronica,Weatherly
781,Penny,Arnold
782,Erin,Chapman
783,Donald,Reynolds
784,Jannie,Lacher
785,Domingo,Beavers
786,Ginette,Pautz
787,Benjamin,Rader
788,Frank,Vanderschel
789,Gina,Valot
790,Linda,Reed
791,Willie,Gonzalez
792,William,Ceja
793,Christy,Barrickman
794,Hugh,Gosnell
795,Maurice,Kellum
796,Patty,Dudley
797,Kimi,Salazar
798,Nicholas,Saville
799,Cecil,Lopez
800,Anna,Terry
801,Sarah,Allen
802,Lyndon,Valencia
803,Ricardo,Allen
804,Jackie,Walker
805,Gladys,Varrone
806,Marie,Coppa
807,Johnny,Tallie
808,Rosa,Atkins
809,Jonathan,Kaya
810,Iris,Ulbrich
811,Donald,Fuller
812,Timothy,Becker
813,Harry,Quintero
814,Aaron,Saleh
815,Darrel,Mendes
816,John,Bicknell
817,Ella,Marable
818,Lynda,Barr
819,Christine,Crofts
820,Bryan,Atherton
821,Erika,Griess
822,Alyssa,Kuan
823,Jessie,Ocampo
824,John,Mondino
825,Kirk,Sessoms
826,Conrad,Wright
827,Russell,Shields
828,Nicholas,Ledford
829,Rita,Pichler
830,Gary,Mcclane
831,Florentino,Gelston
832,Darryl,Booth
833,Katrina,Pratt
834,Christina,Hurst
835,Damon,Cordova
836,Rachel,Santiago
837,Rose,Phifer
838,Donald,Mayle
839,Esperanza,Hill
840,Elizabeth,Mercer
841,Michael,Black
842,Michael,Logan
843,Shannon,Schlesser
844,Richard,Paulus
845,Pamela,Burnett
846,Susan,Coley
847,James,Albert
848,Elaine,Thacker
849,Stella,Sheng
850,Bryant,Pigford
851,Claudine,Townsley
852,Moses,White
853,Virginia,Hernandez
854,William,Vaughan
855,Anna,Burdette
856,Luis,Williams
857,Seymour,Gendron
858,Teresa,Gillett
859,Kyle,Vaughan
860,Alberto,Moore
861,Amelia,Vazquez
862,Scott,Novak
863,John,Thom
864,James,Martin
865,Charles,Stoner
866,Amanda,Troise
867,Glen,Seifert
868,Joseph,Senato
869,Thomas,Washinski
870,James,Ford
871,Jeffrey,Hickox
872,Donald,Vadala
873,Melynda,Myers
874,Daniel,Herring
875,Lilly,Ferguson
876,Albert,Butts
877,Brian,Chambers
878,Leona,Sutton
879,Harold,Slater
880,Mildred,Robertson
881,Bonnie,Halcomb
882,Patricia,Maeda
883,Mary,Hanson
884,Martha,Crawford
885,Ollie,Monn
886,Lacey,Pereira
887,Beatrice,Campbell
888,Amy,White
889,Cheryl,Blackburn
890,Lewis,Carter
891,Jeffrey,Strissel
892,Tina,Munson
893,Melvin,Ford
894,Dennis,Rios
895,Jennifer,Brown
896,Allan,Mcdonald
897,Anthony,Hernandez
898,Anne,Thompson
899,Carolyn,Ennis
900,Brandon,Hunking
901,Kevin,Grubbs
902,Margaret,Gill
903,Tracey,Lozon
904,Robert,Jacobs
905,Emilia,Schmidt
906,Lisa,Crader
907,Donald,Almazan
908,Geneva,Walton
909,Frank,Olson
910,James,Day
911,Norma,Torres
912,Daniel,Sears
913,Jeffrey,Bills
914,Dwayne,Johnson
915,Mildred,Cortes
916,Gloria,Donahoe
917,Gloria,Ross
918,Dale,Melin
919,Luis,Peden
920,Margie,Spector
921,Roger,Benner
922,Susan,Roberson
923,Larry,Vincent
924,Barbara,Blach
925,Sharon,Hursey
926,Curtis,Elliott
927,Kevin,Williams
928,Brian,Ketcham
929,Alexa,Tuma
930,Ryan,Joyce
931,John,Yarnell
932,Rosa,Gwin
933,Philip,Chaidez
934,Jonathan,Guidry
935,Brittany,Martinez
936,Mary,Loth
937,Alonzo,Roark
938,Sara,Bloxham
939,Janet,Flores
940,George,Beyer
941,Andrea,Streets
942,Sharlene,Johnson
943,Shirley,Mclain
944,Bernice,Scott
945,Robert,Yim
946,Rachel,Souza
947,Alfredo,Davis
948,Walter,Rattan
949,Donald,Pautz
950,Latanya,Pina
951,Albert,Brown
952,Judith,Schlick
953,Joshua,Garcia
954,Emma,Santoya
955,John,Weathers
956,Phillip,Moore
957,Mary,Torre
958,Jean,Jahns
959,Leo,Figueroa
960,Greg,Smith
961,Veronica,Williams
962,Kathryn,Ford
963,Jennifer,Amos
964,Jack,Schade
965,Frank,Stupar
966,Albert,Shemwell
967,Everette,Rangel
968,Sarah,Vogel
969,Rena,Primm
970,Jason,Bishop
971,Nancy,Proffitt
972,Richard,Woodard
973,Cheryl,Derrick
974,Kenneth,Calderon
975,Mary,Alquisira
976,Dolores,Spaur
977,Clifton,Hoopes
978,Thomas,Abild
979,Jennifer,Brown
980,Susan,Boner
981,Velma,Gray
982,Alexandra,Cox
983,Curtis,Bekins
984,Maria,Santos
985,Charles,Collins
986,Charles,Byrd
987,Jerome,Thomas
988,Lauren,Queen
989,Russel,Johnson
990,Ronald,Creswell
991,Nancy,Tylwalk
992,Alexandria,Terry
993,Ruby,Peterson
994,Jennifer,Reisner
995,Charles,Walker
996,Margaret,Sample
997,Dale,Howell
998,Shannon,Reed
999,Eliseo,Kraemer
1000,Louis,Roy
